Epoch,Batch Time,Data Time,Loss,Prec@1,Prec@5,lr
0,5.553,5.114,3.62574,15.4032,37.0242,0.01
0,4.65,4.049,3.61424,15.4871,37.559,0.01
